"","expr","min","lq","mean","median","uq","max","neval"
"1","processDocument(doc)",109.117395162,112.769486357,115.6518895458,114.587411064,118.759203745,123.025951401,5
"2","processDocument_by_component(doc)",14.446954914,14.682372486,15.1729055306,14.756254117,15.353603289,16.625342847,5
