"","expr","min","lq","mean","median","uq","max","neval"
"1","processDocument(doc)",24.464668471,24.978247714,25.1739084224,25.054129899,25.52924245,25.843253578,5
"2","processDocument_by_component(doc)",8.071486484,8.082406506,8.1669589938,8.18403788,8.214394075,8.282470024,5
