"","expr","min","lq","mean","median","uq","max","neval"
"1","processDocument(doc)",36.283425354,41.422641694,41.5701750116,42.260896493,43.127644119,44.756267398,5
"2","processDocument_by_component(doc)",11.009403927,11.083760953,11.6863049644,11.685132758,12.260143859,12.393083325,5
