"","expr","min","lq","mean","median","uq","max","neval"
"1","processDocument(doc)",43.396603176,46.520551026,47.4153310654,48.201589361,48.540101392,50.417810372,5
"2","processDocument_by_component(doc)",10.433637729,10.63657875,11.0089360514,10.871437082,10.990832444,12.112194252,5
