"","expr","min","lq","mean","median","uq","max","neval"
"1","processDocument(doc)",72.022901822,73.500348794,74.5079958556,73.938805705,76.007717324,77.070205633,5
"2","processDocument_by_component(doc)",13.179810267,13.404686206,13.8587839856,13.407206107,14.381392306,14.920825042,5
