"","expr","min","lq","mean","median","uq","max","neval"
"1","processDocument(doc)",42.678983743,42.98189203,45.6429488468,46.175760993,47.997045814,48.381061654,5
"2","processDocument_by_component(doc)",12.141587521,12.195109987,12.3753600418,12.216912885,12.47131317,12.851876646,5
