"","expr","min","lq","mean","median","uq","max","neval"
"1","processDocument(doc)",112.132460337,121.341386861,126.6251374916,130.783666074,132.56474117,136.303433016,5
"2","processDocument_by_component(doc)",14.400719911,14.78532652,15.1385480718,15.148580247,15.618033732,15.740079949,5
