"","expr","min","lq","mean","median","uq","max","neval"
"1","processDocument(doc)",5.918284236,6.111079479,6.1809669884,6.207428905,6.312784268,6.355258054,5
"2","processDocument_by_component(doc)",4.279279224,4.336432527,4.4238041338,4.380807811,4.384584977,4.73791613,5
