"","expr","min","lq","mean","median","uq","max","neval"
"1","processDocument(doc)",4.803763401,4.854073107,4.8993622892,4.926002523,4.934358118,4.978614297,5
"2","processDocument_by_component(doc)",4.036270625,4.154164731,4.179534465,4.216469479,4.217542818,4.273224672,5
