"","expr","min","lq","mean","median","uq","max","neval"
"1","processDocument(doc)",5.471946961,5.604373968,5.6302494698,5.614334959,5.709172838,5.751418623,5
"2","processDocument_by_component(doc)",4.029478524,4.12609937,4.1624198596,4.136172209,4.147422363,4.372926832,5
