"","expr","min","lq","mean","median","uq","max","neval"
"1","processDocument(doc)",3.77865676,3.823570784,3.8821923544,3.823900055,3.97783681,4.006997363,5
"2","processDocument_by_component(doc)",3.463161104,3.543540497,3.571627383,3.57216805,3.634322123,3.644945141,5
