"","expr","min","lq","mean","median","uq","max","neval"
"1","processDocument(doc)",104.757077962,108.319970049,114.0811952406,118.805238094,118.880923028,119.64276707,5
"2","processDocument_by_component(doc)",14.696321711,15.033799107,15.0404580072,15.059999542,15.123309897,15.288859779,5
