"","expr","min","lq","mean","median","uq","max","neval"
"1","processDocument(doc)",40.719844991,41.814950194,44.0102753254,43.097722442,45.753624788,48.665234212,5
"2","processDocument_by_component(doc)",10.209742469,10.271378712,10.3363590708,10.324744804,10.409425015,10.466504354,5
