"","expr","min","lq","mean","median","uq","max","neval"
"1","processDocument(doc)",4.74303006,4.879556165,4.9085255924,4.910860936,4.951248929,5.057931872,5
"2","processDocument_by_component(doc)",4.184792879,4.265238569,4.3440796502,4.360357339,4.391547023,4.518462441,5
