"","expr","min","lq","mean","median","uq","max","neval"
"1","processDocument(doc)",25.418236713,25.841732724,29.1533223384,29.837916788,30.678398707,33.99032676,5
"2","processDocument_by_component(doc)",8.46957582,8.551610916,10.9499716144,8.747009946,11.374455832,17.607205558,5
