"","expr","min","lq","mean","median","uq","max","neval"
"1","processDocument(doc)",5.325586104,5.455264676,5.515318155,5.554179308,5.595996971,5.645563716,5
"2","processDocument_by_component(doc)",4.289441689,4.382976342,4.3808026942,4.389839004,4.412829016,4.42892742,5
