"","expr","min","lq","mean","median","uq","max","neval"
"1","processDocument(doc)",37.206055611,37.569170184,40.4472276106,42.164367938,42.188777985,43.107766335,5
"2","processDocument_by_component(doc)",9.473138396,9.52907404,9.7370461218,9.692433374,9.820132138,10.170452661,5
