"","expr","min","lq","mean","median","uq","max","neval"
"1","processDocument(doc)",13.655960446,13.872903377,13.9868943814,13.947004481,14.187134962,14.271468641,5
"2","processDocument_by_component(doc)",7.076358387,7.217288835,7.268354417,7.271260661,7.29959162,7.477272582,5
