"","expr","min","lq","mean","median","uq","max","neval"
"1","processDocument(doc)",5.623927442,5.75037136,5.7566160208,5.77585122,5.79279898,5.840131102,5
"2","processDocument_by_component(doc)",4.255382825,4.294871524,4.3261401166,4.309348911,4.338244973,4.43285235,5
