"","expr","min","lq","mean","median","uq","max","neval"
"1","processDocument(doc)",21.226668543,21.295137272,22.60806092,21.331345684,21.413154665,27.773998436,5
"2","processDocument_by_component(doc)",8.750001962,8.792278907,8.9128005226,8.853528643,9.01917713,9.149015971,5
