"","expr","min","lq","mean","median","uq","max","neval"
"1","processDocument(doc)",4.407482698,4.536031884,5.2032941658,4.599213089,4.700323271,7.773419887,5
"2","processDocument_by_component(doc)",3.664356468,4.92945337,5.2857127512,5.41996466,5.932375321,6.482413937,5
