"","expr","min","lq","mean","median","uq","max","neval"
"1","processDocument(doc)",127.289504296,127.357908819,133.960202246,137.513010424,138.300875157,139.339712534,5
"2","processDocument_by_component(doc)",16.55006041,18.13014711,20.192624517,21.556644702,22.071382646,22.654887717,5
