"","expr","min","lq","mean","median","uq","max","neval"
"1","processDocument(doc)",25.089800719,25.165673474,31.4099718094,26.511964439,36.546997421,43.735422994,5
"2","processDocument_by_component(doc)",8.539847524,8.946027103,9.7008696898,8.991283026,10.85657819,11.170612606,5
